trial_id,subject_id,subject_height_cm,subject_weight_kg,session_id,recorded_at,trial_path,peak_force_kgf,peak_force_n,quality_status
b35294a0-4a74-45df-b428-317595e0472c,shouyi,171,70,withoutGloves,2026-10-08T08:33:09.666529+00:00,trials/20261008T083244Z_b35294a0,37,362.84605,complete
60a79e6f-1743-48c1-a637-bae996298c87,shouyi,171,70,withoutGloves,2026-10-08T08:34:59.953438+00:00,trials/20261008T083445Z_60a79e6f,49,480.52585,complete
fc1d2b17-e994-429f-8553-b192c1aeedfe,shouyi,171,70,withoutGloves,2026-10-08T08:35:14.188102+00:00,trials/20261008T083502Z_fc1d2b17,53,519.75245,complete
c7dc8615-166d-4b7d-b0f8-ace26835696d,shouyi,171,70,withoutGloves,2026-10-08T08:35:29.420367+00:00,trials/20261008T083516Z_c7dc8615,47,460.91255,complete
cabe64a6-3d49-48e0-9a59-cf155abc5b6c,shouyi,171,70,withoutGloves,2026-10-08T08:36:21.529748+00:00,trials/20261008T083530Z_cabe64a6,48,470.71920,complete
04dc5e2f-c9ae-481b-bddc-3a5f5f5a7e91,shouyi,171,70,withoutGloves,2026-10-08T08:37:52.554809+00:00,trials/20261008T083741Z_04dc5e2f,43,421.68595,complete
40c4b64b-87cc-40fd-8045-c1a046fd343d,shouyi,171,70,withoutGloves,2026-10-08T08:38:05.440618+00:00,trials/20261008T083753Z_40c4b64b,40,392.26600,complete
d04160b1-08b5-4805-b27b-ad9aaa7e6a4e,shouyi,171,70,withoutGloves,2026-10-08T08:38:19.741411+00:00,trials/20261008T083808Z_d04160b1,43,421.68595,complete
af518f72-a3a1-444f-b35c-16180928b329,shouyi,171,70,withoutGloves,2026-10-08T08:38:32.837006+00:00,trials/20261008T083820Z_af518f72,27,264.77955,complete
6d2b09b3-e06c-443f-973a-cea813dd16e5,shouyi,171,70,withoutGloves,2026-10-08T08:38:45.066048+00:00,trials/20261008T083833Z_6d2b09b3,21,205.93965,complete
ec44b3bf-3fd2-4c54-a201-85aff3e64322,shouyi,171,70,withoutGloves,2026-10-08T08:39:00.092286+00:00,trials/20261008T083846Z_ec44b3bf,47,460.91255,complete
41707799-479d-4c7f-bbca-1fdec5534a20,shouyi,171,70,withoutGloves,2026-10-08T08:39:12.408136+00:00,trials/20261008T083901Z_41707799,20,196.13300,complete
65e09a93-f0b8-43ac-a97b-91a94ff13d17,shouyi,171,70,withoutGloves,2026-10-08T08:39:25.189772+00:00,trials/20261008T083913Z_65e09a93,47,460.91255,complete
7d365094-7729-48f2-82e2-96311d0d71ae,shouyi,171,70,withoutGloves,2026-10-08T08:39:36.959594+00:00,trials/20261008T083926Z_7d365094,24,235.35960,complete
7a3a090c-e84b-4d40-bda9-4ff88a9bd694,shouyi,171,70,withoutGloves,2026-10-08T08:39:51.612226+00:00,trials/20261008T083938Z_7a3a090c,49,480.52585,complete
98f0824c-9e5c-42f8-8a81-1997eb192eed,shouyi,171,70,withoutGloves,2026-10-08T08:40:06.557517+00:00,trials/20261008T083952Z_98f0824c,45,441.29925,complete
d407aa59-2bfb-4a6b-937a-ff99e7de54f4,shouyi,171,70,withoutGloves,2026-10-08T08:40:18.439339+00:00,trials/20261008T084007Z_d407aa59,19,186.32635,complete
3c0ed22a-8935-4cfe-8c56-ecc3a8fd69bd,shouyi,171,70,withoutGloves,2026-10-08T08:40:32.115616+00:00,trials/20261008T084020Z_3c0ed22a,36,353.03940,complete
95abfbb3-b6c0-4d16-816a-b6f3f07a2450,shouyi,171,70,withoutGloves,2026-10-08T08:40:44.586421+00:00,trials/20261008T084033Z_95abfbb3,32,313.81280,complete
63b3cf24-57d9-48ef-bc7a-fbb4ff85fccb,shouyi,171,70,withoutGloves,2026-10-08T08:40:56.733399+00:00,trials/20261008T084045Z_63b3cf24,40,392.26600,complete
dc419e86-213b-4027-8f06-528637e7f1ba,shouyi,171,70,withoutGloves,2026-10-08T08:41:10.930730+00:00,trials/20261008T084058Z_dc419e86,53,519.75245,complete
dfabfdd1-4a29-4057-871d-24b3c3611004,shouyi,171,70,withoutGloves,2026-10-08T08:41:24.347886+00:00,trials/20261008T084112Z_dfabfdd1,16,156.90640,complete
c2c6d2aa-158d-4e67-adb0-dd02977474ce,shouyi,171,70,withoutGloves,2026-10-08T08:41:39.313777+00:00,trials/20261008T084125Z_c2c6d2aa,16,156.90640,complete
924e437a-921c-403c-a78b-0ed67d7e3842,shouyi,171,70,withoutGloves,2026-10-08T08:41:54.279009+00:00,trials/20261008T084141Z_924e437a,43,421.68595,complete
faa70e9b-82a4-43c5-8117-2bca4f246d70,shouyi,171,70,withoutGloves,2026-10-08T08:42:06.283157+00:00,trials/20261008T084155Z_faa70e9b,37,362.84605,complete
8fbef2c4-5a26-42ca-8ca4-5eb7c90425c9,shouyi,171,70,withoutGloves,2026-10-08T08:42:22.563082+00:00,trials/20261008T084208Z_8fbef2c4,36,353.03940,complete
213db338-5571-40b3-8672-37406aafeb8a,shouyi,171,70,withoutGloves,2026-10-08T08:42:35.874361+00:00,trials/20261008T084223Z_213db338,26,254.97290,complete
bd1f7a69-8fa7-4103-b3e0-3a3b530dd218,shouyi,171,70,withoutGloves,2026-10-08T08:42:47.762090+00:00,trials/20261008T084237Z_bd1f7a69,39,382.45935,complete
755f1cc8-d626-495b-aedd-dbc8ea01b3d0,shouyi,171,70,withoutGloves,2026-10-08T08:43:00.007171+00:00,trials/20261008T084248Z_755f1cc8,25,245.16625,complete
638a28ad-af62-42fd-9a2d-bd2a35940c06,shouyi,171,70,withoutGloves,2026-10-08T08:43:12.505666+00:00,trials/20261008T084301Z_638a28ad,24,235.35960,complete
4790e6e0-2f4d-4984-81c5-3c9f29071814,shouyi,171,70,withoutGloves,2026-10-08T08:43:37.393732+00:00,trials/20261008T084326Z_4790e6e0,42,411.87930,complete
7f956d8c-9d49-472a-b17c-ef5d77f9c1dc,shouyi,171,70,withoutGloves,2026-10-08T08:43:49.575727+00:00,trials/20261008T084338Z_7f956d8c,49,480.52585,complete
4183fe24-599b-42bd-b171-6502de929921,shouyi,171,70,withoutGloves,2026-10-08T08:44:02.301364+00:00,trials/20261008T084350Z_4183fe24,36,353.03940,complete
d33860eb-89dc-4e5b-933d-751b9c834d38,shouyi,171,70,withoutGloves,2026-10-08T08:44:14.208140+00:00,trials/20261008T084403Z_d33860eb,32,313.81280,complete
1c7d4230-1a07-4bf5-be00-5ead29cd3f47,shouyi,171,70,withoutGloves,2026-10-08T08:44:25.906927+00:00,trials/20261008T084415Z_1c7d4230,41,402.07265,complete
977af757-2275-41a5-a0ba-80b3e1fb951a,shouyi,171,70,withoutGloves,2026-10-08T08:44:44.007817+00:00,trials/20261008T084431Z_977af757,31,304.00615,complete
43408a3b-bfbd-4fb2-ae8d-bdb131a56b18,shouyi,171,70,withoutGloves,2026-10-08T08:45:01.828312+00:00,trials/20261008T084449Z_43408a3b,47,460.91255,complete
b4e3d70c-2251-4139-bbcb-8d3fa2a2f2aa,shouyi,171,70,withoutGloves,2026-10-08T08:45:20.478171+00:00,trials/20261008T084509Z_b4e3d70c,49,480.52585,complete
51cea131-5c15-4228-93ff-b438a4e2786a,shouyi,171,70,withoutGloves,2026-10-08T08:45:32.787123+00:00,trials/20261008T084521Z_51cea131,12,117.67980,complete
197d9e1f-dd2d-4db4-8c9b-d9d3d1fe16a8,shouyi,171,70,withoutGloves,2026-10-08T08:49:18.170512+00:00,trials/20261008T084907Z_197d9e1f,12,117.67980,complete
b404a3aa-9a6c-4864-8281-5c473fffc043,shouyi,171,70,withoutGloves,2026-10-08T08:49:47.998975+00:00,trials/20261008T084935Z_b404a3aa,39,382.45935,complete
bd0a33c9-4144-4f51-9e60-48b9b71db414,shouyi,171,70,withoutGloves,2026-10-08T08:50:02.467763+00:00,trials/20261008T084951Z_bd0a33c9,39,382.45935,complete
50fe566a-4dac-4dfa-ae62-46590a99f7e3,shouyi,171,70,withoutGloves,2026-10-08T08:50:14.594338+00:00,trials/20261008T085003Z_50fe566a,43,421.68595,complete
812e5ff7-d44e-4ee0-a832-f3bdcda845ee,shouyi,171,70,withoutGloves,2026-10-08T08:50:28.113788+00:00,trials/20261008T085015Z_812e5ff7,49,480.52585,complete
6ed17814-a2db-47d8-80e2-9fa475caa697,shouyi,171,70,withoutGloves,2026-10-08T08:50:40.183068+00:00,trials/20261008T085029Z_6ed17814,37,362.84605,complete
c8102798-d32d-4ab1-a83f-3058149b212f,shouyi,171,70,withoutGloves,2026-10-08T08:50:52.517579+00:00,trials/20261008T085041Z_c8102798,42,411.87930,complete
06cc3713-f593-4a94-961c-098d5f44a266,shouyi,171,70,withoutGloves,2026-10-08T08:51:05.312233+00:00,trials/20261008T085053Z_06cc3713,41,402.07265,complete
1ebddb6b-2041-4ed0-b088-6a00793f80d4,shouyi,171,70,withoutGloves,2026-10-08T08:51:17.084568+00:00,trials/20261008T085106Z_1ebddb6b,40,392.26600,complete
e070de9d-a885-4c63-beff-dcf5f1fc02df,shouyi,171,70,withoutGloves,2026-10-08T08:51:29.065491+00:00,trials/20261008T085118Z_e070de9d,25,245.16625,complete
3a242a96-0a63-4283-96fd-2ac966c9caa1,shouyi,171,70,withoutGloves,2026-10-08T08:51:41.966935+00:00,trials/20261008T085130Z_3a242a96,28,274.58620,complete
ca3eed73-c698-4c0e-8aa2-9706cd6a9120,shouyi,171,70,withoutGloves,2026-10-08T08:51:56.210172+00:00,trials/20261008T085144Z_ca3eed73,30,294.19950,complete
f78f48b5-b573-4f2d-b5e3-262b7fc8bf6c,shouyi,171,70,withoutGloves,2026-10-08T08:52:10.689528+00:00,trials/20261008T085157Z_f78f48b5,47,460.91255,complete
410f2266-ff39-4971-b140-81ff5c428fdc,shouyi,171,70,withoutGloves,2026-10-08T08:52:25.507031+00:00,trials/20261008T085212Z_410f2266,30,294.19950,complete
93c6805a-fc24-4c81-ab24-86f233ced583,shouyi,171,70,withoutGloves,2026-10-08T08:52:39.700461+00:00,trials/20261008T085227Z_93c6805a,39,382.45935,complete
ddfa1438-0658-4525-8357-c537c4c4ef50,shouyi,171,70,withoutGloves,2026-10-08T08:52:53.519155+00:00,trials/20261008T085241Z_ddfa1438,33,323.61945,complete
d57fd099-0d32-4c60-8bfa-c1d6fe93a3ce,shouyi,171,70,withoutGloves,2026-10-08T08:53:06.701299+00:00,trials/20261008T085254Z_d57fd099,31,304.00615,complete
382f4d6d-8b86-4d55-838e-ee26977a1b4b,shouyi,171,70,withoutGloves,2026-10-08T08:53:20.007859+00:00,trials/20261008T085307Z_382f4d6d,17,166.71305,complete
df701a92-5169-44ca-99e2-e376d58119f8,shouyi,171,70,withoutGloves,2026-10-08T08:53:33.362377+00:00,trials/20261008T085321Z_df701a92,32,313.81280,complete
c694d051-6e6e-4e65-99e6-b3b78bc47555,shouyi,171,70,withoutGloves,2026-10-08T08:53:46.466038+00:00,trials/20261008T085334Z_c694d051,29,284.39285,complete
f6b0ae01-0ac5-4c43-af5e-370e9026189e,shouyi,171,70,withoutGloves,2026-10-08T08:53:59.954043+00:00,trials/20261008T085347Z_f6b0ae01,29,284.39285,complete
61f134fb-21f7-4c95-9cd8-3eb426211d8f,shouyi,171,70,withoutGloves,2026-10-08T08:54:12.008368+00:00,trials/20261008T085401Z_61f134fb,33,323.61945,complete
a4cd92ee-495d-496f-8732-c4b8427036e4,shouyi,171,70,withoutGloves,2026-10-08T08:54:24.849590+00:00,trials/20261008T085413Z_a4cd92ee,28,274.58620,complete
9ca9ddb0-5d24-4826-a6f3-a31ea2aed3c7,shouyi,171,70,withoutGloves,2026-10-08T08:54:37.536846+00:00,trials/20261008T085426Z_9ca9ddb0,32,313.81280,complete
c87b4ca2-2596-4c38-a780-d7605945f990,shouyi,171,70,withoutGloves,2026-10-08T08:54:50.439322+00:00,trials/20261008T085438Z_c87b4ca2,25,245.16625,complete
8a2306e5-4a02-4230-87df-709291be341a,shouyi,171,70,withoutGloves,2026-10-08T08:55:02.655243+00:00,trials/20261008T085451Z_8a2306e5,31,304.00615,complete
e93f56ec-c72f-429c-b774-fd26995650e3,shouyi,171,70,withoutGloves,2026-10-08T08:55:19.798238+00:00,trials/20261008T085504Z_e93f56ec,19,186.32635,complete
bd345f94-2e1a-480a-9540-ad89b5580bd2,shouyi,171,70,withoutGloves,2026-10-08T08:55:32.059911+00:00,trials/20261008T085521Z_bd345f94,24,235.35960,complete
77372ce9-9779-4fc8-80ea-b221a3eab915,shouyi,171,70,withoutGloves,2026-10-08T08:55:44.935237+00:00,trials/20261008T085533Z_77372ce9,28,274.58620,complete
5583807e-4ad4-4cc3-83af-afa82cf42097,shouyi,171,70,withoutGloves,2026-10-08T08:55:58.453026+00:00,trials/20261008T085546Z_5583807e,19,186.32635,complete
46fce852-67bd-454a-90ed-33cff2eaf7ce,shouyi,171,70,withoutGloves,2026-10-08T08:56:12.719611+00:00,trials/20261008T085559Z_46fce852,27,264.77955,complete
47e43923-1824-43f5-b91b-cb6c86dcf7d8,shouyi,171,70,withoutGloves,2026-10-08T08:56:25.818831+00:00,trials/20261008T085613Z_47e43923,30,294.19950,complete
1b2d99f6-9280-4a38-8f4e-ee1b656220b2,shouyi,171,70,withoutGloves,2026-10-08T08:56:38.557578+00:00,trials/20261008T085627Z_1b2d99f6,30,294.19950,complete
f68887a6-58ce-40d4-a6fe-ac0931e9ef3b,shouyi,171,70,withoutGloves,2026-10-08T08:56:53.679271+00:00,trials/20261008T085640Z_f68887a6,31,304.00615,complete
4cec45a9-3989-4506-9a1b-254210f254e6,shouyi,171,70,withoutGloves,2026-10-08T08:57:17.970593+00:00,trials/20261008T085703Z_4cec45a9,42,411.87930,complete
7bab7607-b534-4952-97c1-289c50bf82e0,shouyi,171,70,withoutGloves,2026-10-08T08:57:30.471289+00:00,trials/20261008T085719Z_7bab7607,24,235.35960,complete
371efc3b-c008-442d-8dc6-c8db9338a945,shouyi,171,70,withoutGloves,2026-10-08T08:57:43.729983+00:00,trials/20261008T085731Z_371efc3b,39,382.45935,complete
3c1af01e-c168-4999-91ef-7046b0762788,shouyi,171,70,withoutGloves,2026-10-08T08:57:56.361503+00:00,trials/20261008T085745Z_3c1af01e,26,254.97290,complete
0eb2bbb8-a254-4624-92a6-94b4d0fe0776,shouyi,171,70,withoutGloves,2026-10-08T08:58:22.781507+00:00,trials/20261008T085811Z_0eb2bbb8,41,402.07265,complete
18c3f91e-5789-4513-baa8-69b42c05e155,shouyi,171,70,withoutGloves,2026-10-08T08:58:37.026695+00:00,trials/20261008T085825Z_18c3f91e,36,353.03940,complete
e7f115ed-1960-4233-8c62-213de0a22dfb,shouyi,171,70,withoutGloves,2026-10-08T08:58:49.721705+00:00,trials/20261008T085838Z_e7f115ed,35,343.23275,complete
41c9deea-5fee-4e3e-92cd-0544521aa574,shouyi,171,70,withoutGloves,2026-10-08T08:59:03.825755+00:00,trials/20261008T085852Z_41c9deea,21,205.93965,complete
6c8a0490-1ab6-4ab8-851b-0a2d0c19246d,shouyi,171,70,withoutGloves,2026-10-08T08:59:15.814965+00:00,trials/20261008T085905Z_6c8a0490,22,215.74630,complete
43e5d6cd-cb65-4d2a-bb81-758fbf0e441f,shouyi,171,70,withoutGloves,2026-10-08T08:59:30.223452+00:00,trials/20261008T085917Z_43e5d6cd,28,274.58620,complete
0e0e81da-e595-49c6-93ef-aa94a433224b,shouyi,171,70,withoutGloves,2026-10-08T08:59:42.618616+00:00,trials/20261008T085931Z_0e0e81da,33,323.61945,complete
86f46864-31a2-4c39-af79-1aea10389c9d,shouyi,171,70,withoutGloves,2026-10-08T08:59:55.630273+00:00,trials/20261008T085944Z_86f46864,33,323.61945,complete
e47245f8-6dc4-4b65-ab39-075d199023f1,shouyi,171,70,withoutGloves,2026-10-08T09:00:09.633111+00:00,trials/20261008T085957Z_e47245f8,41,402.07265,complete
76ed9323-ccf7-47aa-8bb6-2f78c2c37fdf,shouyi,171,70,withoutGloves,2026-10-08T09:00:25.202583+00:00,trials/20261008T090011Z_76ed9323,42,411.87930,complete
d440d250-1fed-45b3-a656-4ed139e69b75,shouyi,171,70,withoutGloves,2026-10-08T09:00:38.664239+00:00,trials/20261008T090026Z_d440d250,31,304.00615,complete
c75b6cd9-a651-4e1b-9971-3b0022c3a3d5,shouyi,171,70,withoutGloves,2026-10-08T09:00:50.971228+00:00,trials/20261008T090039Z_c75b6cd9,26,254.97290,complete
4610a840-172b-4f19-84b7-8b077bb797a3,shouyi,171,70,withoutGloves,2026-10-08T09:01:04.309546+00:00,trials/20261008T090052Z_4610a840,23,225.55295,complete
61efc725-c546-48d7-8736-c523b5e7bd00,shouyi,171,70,withoutGloves,2026-10-08T09:01:16.633530+00:00,trials/20261008T090105Z_61efc725,18,176.51970,complete
da96cc79-4c06-44ae-a5c4-477ce6df710f,shouyi,171,70,withoutGloves,2026-10-08T09:01:29.937788+00:00,trials/20261008T090117Z_da96cc79,34,333.42610,complete
84b2a59c-40fb-4ca4-a622-10089ca3105a,shouyi,171,70,withoutGloves,2026-10-08T09:01:43.297811+00:00,trials/20261008T090131Z_84b2a59c,38,372.65270,complete
b38f2c91-b576-4ba6-84b3-720e68f583fa,shouyi,171,70,withoutGloves,2026-10-08T09:01:56.033378+00:00,trials/20261008T090145Z_b38f2c91,41,402.07265,complete
cd070ea6-3403-4f95-80e2-be40ab2b1f4d,shouyi,171,70,withoutGloves,2026-10-08T09:02:08.510039+00:00,trials/20261008T090157Z_cd070ea6,17,166.71305,complete
7278a3e1-0942-4ec0-ae73-c0086da20735,shouyi,171,70,withoutGloves,2026-10-08T09:02:23.688487+00:00,trials/20261008T090210Z_7278a3e1,37,362.84605,complete
70684b2f-a821-44e6-b046-dc2545c5fcde,shouyi,171,70,withoutGloves,2026-10-08T09:02:56.137201+00:00,trials/20261008T090244Z_70684b2f,46,451.10590,complete
8b20c475-8e32-4cfa-8e61-949d9b5b27f4,shouyi,171,70,withoutGloves,2026-10-08T09:03:08.891236+00:00,trials/20261008T090258Z_8b20c475,3,29.41995,complete
4552f920-9d40-45bf-92d4-7649acc67c2b,shouyi,171,70,withoutGloves,2026-10-08T09:04:12.898023+00:00,trials/20261008T090401Z_4552f920,43,421.68595,complete
b31765d5-7821-4ea4-a20d-eff1f4782df7,shouyi,171,70,withoutGloves,2026-10-08T09:04:24.839533+00:00,trials/20261008T090414Z_b31765d5,44,431.49260,complete
7ab2ff0d-a829-4f5e-b2bc-71becd565a70,shouyi,171,70,withoutGloves,2026-10-08T09:04:37.380682+00:00,trials/20261008T090426Z_7ab2ff0d,41,402.07265,complete
55482c34-b73d-42b6-bd3e-59b8edcd7a27,shouyi,171,70,withoutGloves,2026-10-08T09:04:49.606459+00:00,trials/20261008T090439Z_55482c34,44,431.49260,complete
cc2214ba-c8e6-4095-96c9-233896885b2d,shouyi,171,70,withoutGloves,2026-10-08T09:05:02.043999+00:00,trials/20261008T090451Z_cc2214ba,36,353.03940,complete
5e1d18dc-9d81-4000-9f53-bf3dd5aa40d0,shouyi,171,70,withoutGloves,2026-10-08T09:05:13.925211+00:00,trials/20261008T090503Z_5e1d18dc,51,500.13915,complete
e85192c4-a5d8-4764-8ef4-10217459cdba,shouyi,171,70,withoutGloves,2026-10-08T09:05:25.750728+00:00,trials/20261008T090515Z_e85192c4,21,205.93965,complete
c63d7746-fa39-414f-b3a1-ed88551f3357,shouyi,171,70,withoutGloves,2026-10-08T09:05:38.537152+00:00,trials/20261008T090527Z_c63d7746,51,500.13915,complete
e041f071-fd56-4e96-aed1-14c368c3ec9e,shouyi,171,70,withoutGloves,2026-10-08T09:05:50.985378+00:00,trials/20261008T090540Z_e041f071,30,294.19950,complete
